15:06:40, 1.220000e-07

15:06:41, 1.370000e-07

15:06:42, 9.800000e-08

15:06:43, 1.120000e-07

15:06:44, 1.050000e-07

15:06:45, 1.190000e-07

15:06:46, 1.140000e-07

15:06:47, 1.290000e-07

15:06:48, 1.240000e-07

15:06:49, 1.190000e-07

15:06:50, 1.360000e-07

15:06:51, 1.300000e-07

15:06:52, 1.380000e-07

15:06:54, 1.200000e-07

15:06:55, 1.140000e-07

15:06:56, 1.090000e-07

15:06:57, 1.250000e-07

15:06:58, 1.200000e-07

15:06:59, 1.360000e-07

15:07:00, 1.320000e-07

15:07:01, 9.500000e-08

15:07:02, 1.090000e-07

15:07:03, 1.030000e-07

15:07:04, 1.190000e-07

15:07:05, 1.140000e-07

15:07:06, 1.290000e-07

15:07:07, 1.240000e-07

15:07:08, 1.400000e-07

15:07:09, 1.340000e-07

15:07:10, 1.300000e-07

15:07:11, 1.460000e-07

15:07:12, 1.220000e-07

15:07:13, 1.150000e-07

15:07:15, 1.090000e-07

15:07:16, 1.250000e-07

15:07:17, 1.190000e-07

15:07:18, 1.020000e-07

15:07:19, 9.700000e-08

15:07:20, 9.300000e-08

15:07:21, 1.090000e-07

15:07:22, 1.040000e-07

15:07:23, 1.180000e-07

15:07:24, 1.120000e-07

15:07:25, 1.080000e-07

15:07:26, 1.250000e-07

15:07:27, 1.190000e-07

15:07:28, 1.360000e-07

15:07:29, 1.310000e-07

15:07:30, 1.250000e-07

15:07:31, 1.410000e-07

15:07:32, 1.140000e-07

15:07:34, 1.070000e-07

15:07:35, 1.210000e-07

15:07:36, 1.140000e-07

15:07:37, 1.070000e-07

15:07:38, 1.220000e-07

15:07:39, 1.160000e-07

15:07:40, 1.300000e-07

15:07:41, 1.220000e-07

15:07:42, 1.150000e-07

15:07:43, 1.270000e-07

15:07:44, 1.190000e-07

15:07:45, 1.320000e-07

15:07:46, 9.200000e-08

15:07:47, 8.400000e-08

15:07:48, 9.600000e-08

15:07:49, 8.800000e-08

15:07:50, 1.010000e-07

15:07:51, 1.260000e-07

15:07:52, 1.270000e-07

15:07:54, 8.700000e-08

15:07:55, 1.000000e-07

15:07:56, 9.300000e-08

15:07:57, 8.600000e-08

15:07:58, 1.010000e-07

15:07:59, 9.400000e-08

15:08:00, 1.220000e-07

15:08:01, 1.030000e-07

15:08:02, 9.600000e-08

15:08:03, 1.100000e-07

15:08:04, 1.040000e-07

15:08:05, 9.800000e-08

15:08:06, 1.140000e-07

15:08:07, 1.080000e-07

15:08:08, 9.100000e-08

15:08:09, 8.500000e-08

15:08:10, 7.900000e-08

15:08:11, 9.400000e-08

15:08:12, 8.700000e-08

15:08:13, 1.010000e-07

15:08:14, 8.900000e-08

15:08:16, 1.030000e-07

15:08:17, 9.600000e-08

15:08:18, 1.110000e-07

15:08:19, 1.050000e-07

15:08:20, 9.800000e-08

15:08:21, 1.120000e-07

15:08:22, 1.040000e-07

15:08:23, 1.180000e-07

15:08:24, 1.090000e-07

15:08:25, 9.900000e-08

15:08:26, 1.100000e-07

15:08:27, 1.030000e-07

15:08:28, 1.160000e-07

15:08:29, 7.600000e-08

15:08:30, 6.900000e-08

15:08:31, 1.150000e-07

15:08:32, 1.060000e-07

15:08:33, 1.160000e-07

15:08:34, 1.090000e-07

15:08:36, 8.400000e-08

15:08:37, 7.900000e-08

15:08:38, 9.300000e-08

15:08:39, 8.600000e-08

15:08:40, 8.100000e-08

15:08:41, 1.280000e-07

15:08:42, 8.800000e-08

15:08:43, 1.010000e-07

15:08:44, 9.500000e-08

15:08:45, 8.700000e-08

15:08:46, 1.020000e-07

15:08:47, 9.300000e-08

15:08:48, 1.050000e-07

15:08:49, 9.700000e-08

15:08:50, 8.700000e-08

15:08:51, 1.000000e-07

15:08:52, 9.100000e-08

15:08:53, 8.100000e-08

15:08:54, 9.400000e-08

15:08:55, 1.170000e-07

15:08:56, 9.800000e-08

15:08:57, 9.100000e-08

15:08:58, 8.300000e-08

15:08:59, 9.700000e-08

15:09:00, 9.000000e-08

15:09:01, 8.100000e-08

15:09:02, 8.100000e-08

15:09:04, 7.300000e-08

15:09:05, 8.600000e-08

15:09:06, 7.800000e-08

15:09:07, 1.040000e-07

15:09:08, 1.180000e-07

15:09:09, 1.110000e-07

15:09:10, 1.040000e-07

15:09:11, 8.400000e-08

15:09:12, 7.600000e-08

15:09:13, 6.600000e-08

15:09:14, 1.120000e-07

15:09:15, 1.030000e-07

15:09:16, 1.160000e-07

15:09:17, 1.090000e-07

15:09:18, 6.900000e-08

15:09:19, 8.300000e-08

15:09:20, 1.080000e-07

15:09:21, 1.100000e-07

15:09:23, 1.000000e-07

15:09:24, 9.000000e-08

15:09:25, 1.020000e-07

15:09:26, 9.500000e-08

15:09:27, 8.700000e-08

15:09:28, 9.900000e-08

15:09:29, 9.000000e-08

15:09:30, 8.200000e-08

15:09:31, 9.500000e-08

15:09:32, 8.600000e-08

15:09:33, 1.090000e-07

15:09:34, 1.230000e-07

15:09:35, 8.100000e-08

15:09:36, 7.400000e-08

15:09:37, 8.700000e-08

15:09:38, 1.030000e-07

15:09:40, 1.170000e-07

15:09:41, 1.100000e-07

15:09:42, 1.020000e-07

15:09:43, 8.200000e-08

15:09:44, 7.400000e-08

15:09:45, 1.190000e-07

15:09:46, 1.130000e-07

15:09:47, 1.060000e-07

15:09:48, 9.900000e-08

15:09:49, 1.130000e-07

15:09:50, 1.070000e-07

15:09:51, 1.010000e-07

15:09:52, 1.140000e-07

15:09:53, 1.060000e-07

15:09:54, 1.190000e-07

15:09:55, 1.110000e-07

15:09:56, 1.030000e-07

15:09:57, 1.150000e-07

15:09:58, 1.070000e-07

15:09:59, 1.000000e-07

15:10:00, 1.060000e-07

15:10:02, 9.900000e-08

15:11:54, 1.250000e-07

15:11:56, 1.210000e-07

15:11:57, 1.190000e-07

15:11:58, 1.380000e-07

15:11:59, 1.360000e-07

15:12:00, 1.330000e-07

15:12:01, 9.900000e-08

15:12:02, 1.190000e-07

15:12:03, 1.150000e-07

15:12:04, 1.120000e-07

15:12:05, 1.310000e-07

15:12:06, 1.300000e-07

15:12:07, 1.280000e-07

15:12:08, 1.270000e-07

15:12:09, 1.480000e-07

15:12:10, 1.460000e-07

15:12:11, 1.460000e-07

15:12:12, 1.310000e-07

15:12:14, 1.290000e-07

15:12:15, 1.480000e-07

15:12:16, 1.480000e-07

15:12:17, 1.140000e-07

15:12:18, 1.130000e-07

15:12:19, 1.330000e-07

15:12:20, 1.330000e-07

15:12:21, 1.330000e-07

15:12:22, 1.330000e-07

15:12:23, 1.520000e-07

15:12:24, 1.520000e-07

15:12:25, 1.720000e-07

15:12:26, 1.400000e-07

15:12:27, 1.400000e-07

15:12:28, 1.390000e-07

15:12:29, 1.620000e-07

15:12:30, 1.290000e-07

15:12:32, 1.290000e-07

15:12:33, 1.480000e-07

15:12:34, 1.470000e-07

15:12:35, 1.470000e-07

15:12:36, 1.350000e-07

15:12:37, 1.350000e-07

15:12:38, 1.340000e-07

15:12:39, 1.330000e-07

15:12:40, 1.520000e-07

15:12:41, 1.520000e-07

15:12:42, 1.520000e-07

15:12:43, 1.510000e-07

15:12:44, 1.380000e-07

15:12:45, 1.370000e-07

15:12:46, 1.050000e-07

15:12:47, 1.280000e-07

15:12:48, 1.290000e-07

15:12:50, 1.300000e-07

15:12:51, 1.520000e-07

15:12:52, 1.200000e-07

15:12:53, 1.150000e-07

15:12:54, 1.280000e-07

15:12:55, 1.290000e-07

15:12:56, 1.300000e-07

15:12:57, 1.530000e-07

15:12:58, 1.540000e-07

15:12:59, 1.570000e-07

15:13:00, 1.270000e-07

15:13:01, 1.500000e-07

15:13:02, 1.200000e-07

15:13:03, 1.160000e-07

15:13:04, 1.090000e-07

15:13:05, 1.250000e-07

15:13:06, 1.210000e-07

15:13:07, 1.170000e-07

15:13:09, 1.280000e-07

15:13:10, 1.220000e-07

15:13:11, 1.150000e-07

15:13:12, 1.300000e-07

15:13:13, 1.240000e-07

15:13:14, 1.510000e-07

15:13:15, 1.660000e-07

15:13:16, 1.610000e-07

15:13:17, 1.570000e-07

15:13:18, 1.510000e-07

15:13:19, 1.340000e-07

15:13:20, 1.280000e-07

15:13:21, 1.200000e-07

15:13:22, 1.140000e-07

15:13:23, 1.270000e-07

15:13:24, 1.200000e-07

15:13:25, 1.140000e-07

15:13:26, 1.290000e-07

15:13:27, 1.230000e-07

15:13:28, 1.500000e-07

15:13:29, 1.450000e-07

15:13:30, 1.540000e-07

15:13:31, 1.470000e-07

15:13:33, 1.400000e-07

15:13:34, 1.550000e-07

15:13:35, 1.150000e-07

15:13:36, 1.090000e-07

15:13:37, 1.230000e-07

15:13:38, 1.170000e-07

15:13:39, 1.090000e-07

15:13:40, 1.350000e-07

15:13:41, 1.490000e-07

15:13:42, 1.410000e-07

15:13:43, 1.330000e-07

15:13:44, 1.260000e-07

15:13:45, 1.380000e-07

15:13:46, 1.290000e-07

15:13:47, 1.200000e-07

15:13:48, 1.340000e-07

15:13:49, 1.260000e-07

15:13:50, 1.200000e-07

15:13:51, 1.150000e-07

15:13:53, 1.220000e-07

15:13:54, 1.140000e-07

15:13:55, 1.260000e-07

15:13:56, 1.170000e-07

15:13:57, 1.090000e-07

15:13:58, 1.000000e-07

15:13:59, 1.440000e-07

15:14:00, 1.350000e-07

15:14:01, 1.260000e-07

15:14:02, 1.170000e-07

15:14:03, 1.280000e-07

15:14:04, 1.180000e-07

15:14:05, 1.100000e-07

15:14:06, 1.220000e-07

15:14:07, 1.140000e-07

15:14:08, 1.070000e-07

15:14:09, 9.900000e-08

15:14:10, 1.250000e-07

15:14:11, 1.400000e-07

15:14:12, 1.340000e-07

15:14:13, 1.280000e-07

15:14:15, 1.340000e-07

15:14:16, 1.280000e-07

15:14:17, 1.230000e-07

15:14:18, 1.390000e-07

15:14:19, 1.330000e-07

15:14:20, 1.290000e-07

15:14:21, 1.240000e-07

15:14:22, 1.390000e-07

15:14:23, 1.330000e-07

15:14:24, 1.250000e-07

15:14:25, 1.080000e-07

15:14:26, 1.030000e-07

15:14:27, 9.800000e-08

15:14:28, 9.300000e-08

15:14:29, 1.100000e-07

15:14:30, 1.050000e-07

15:14:31, 9.900000e-08

15:14:32, 1.260000e-07

15:14:33, 1.390000e-07

15:14:34, 1.320000e-07

15:14:35, 1.400000e-07

15:14:37, 1.340000e-07

15:14:38, 1.300000e-07

15:14:39, 1.240000e-07

15:14:40, 1.190000e-07

15:14:41, 1.340000e-07

15:14:42, 1.290000e-07

15:14:43, 1.240000e-07

15:14:44, 1.390000e-07

15:14:45, 1.330000e-07

15:14:46, 9.700000e-08

15:14:47, 9.400000e-08

15:14:48, 1.110000e-07

15:14:49, 1.070000e-07

15:14:50, 1.040000e-07

15:14:51, 1.000000e-07

15:14:52, 1.180000e-07

15:14:53, 1.120000e-07

15:14:54, 1.070000e-07

15:14:55, 1.200000e-07

15:14:56, 1.160000e-07

15:14:58, 1.320000e-07

15:14:59, 1.280000e-07

15:15:00, 1.240000e-07

15:15:01, 1.190000e-07

15:15:02, 1.350000e-07

15:15:03, 1.310000e-07

15:15:04, 1.240000e-07

15:15:05, 1.390000e-07

15:15:06, 1.340000e-07

15:15:07, 1.310000e-07

15:15:08, 1.260000e-07

15:15:09, 1.440000e-07

15:15:10, 1.400000e-07

15:15:11, 1.040000e-07

15:15:12, 1.000000e-07

15:15:14, 1.110000e-07

15:15:15, 1.050000e-07

15:15:16, 1.220000e-07

15:15:17, 1.180000e-07

15:15:18, 1.140000e-07

15:15:19, 1.100000e-07

15:15:20, 1.280000e-07

15:15:21, 1.240000e-07

15:15:22, 1.220000e-07

15:15:23, 1.170000e-07

15:15:24, 1.330000e-07

15:15:25, 1.280000e-07

15:15:26, 1.450000e-07

15:15:27, 1.080000e-07

15:15:28, 1.050000e-07

15:15:29, 1.010000e-07

15:15:30, 1.190000e-07

15:15:31, 1.110000e-07

15:15:32, 1.080000e-07

15:15:34, 1.250000e-07

15:15:35, 1.200000e-07

15:15:36, 1.160000e-07

15:15:37, 1.350000e-07

15:15:38, 1.320000e-07

15:15:39, 1.290000e-07

15:15:40, 1.250000e-07

15:15:41, 1.430000e-07

15:15:42, 1.390000e-07

15:15:43, 1.370000e-07

15:15:44, 1.320000e-07

15:15:45, 1.170000e-07

15:15:46, 1.140000e-07

15:15:47, 1.130000e-07

15:15:48, 1.310000e-07

15:15:49, 1.290000e-07

15:15:50, 1.270000e-07

15:15:51, 1.240000e-07

15:15:52, 1.110000e-07

15:15:53, 1.070000e-07

15:15:54, 1.030000e-07

15:15:55, 1.190000e-07

15:15:56, 1.170000e-07

15:15:57, 1.140000e-07

15:15:58, 1.340000e-07

15:15:59, 1.320000e-07

15:16:00, 1.290000e-07

15:16:01, 1.280000e-07

15:16:03, 1.440000e-07

15:16:04, 1.410000e-07

15:16:05, 1.250000e-07

15:16:06, 1.210000e-07

15:16:07, 1.180000e-07

15:16:08, 1.360000e-07

15:16:09, 1.330000e-07

15:16:10, 1.300000e-07

15:16:11, 1.270000e-07

15:16:12, 1.450000e-07

15:16:13, 1.410000e-07

15:16:14, 1.360000e-07

15:16:15, 1.530000e-07

15:16:16, 1.500000e-07

15:16:17, 1.470000e-07

15:16:18, 1.440000e-07

15:16:19, 1.630000e-07

15:16:20, 1.290000e-07

15:16:22, 1.250000e-07

15:16:23, 1.430000e-07

15:16:24, 1.390000e-07

15:16:25, 1.020000e-07

15:16:26, 1.200000e-07

15:16:27, 1.180000e-07

15:16:28, 1.150000e-07

15:16:29, 1.120000e-07

15:16:30, 1.310000e-07

15:16:31, 1.280000e-07

15:16:32, 1.240000e-07

15:16:33, 1.400000e-07

15:16:34, 1.360000e-07

15:16:35, 1.320000e-07

15:16:36, 1.480000e-07

15:16:37, 1.450000e-07

15:16:38, 1.420000e-07

15:16:39, 1.580000e-07

15:16:40, 1.550000e-07

15:16:41, 1.510000e-07

15:16:42, 1.330000e-07

15:16:43, 1.290000e-07

15:16:45, 1.440000e-07

15:16:46, 1.400000e-07

15:16:47, 1.360000e-07

15:16:48, 1.530000e-07

15:16:49, 1.500000e-07

15:16:50, 1.470000e-07

15:16:51, 1.660000e-07

15:16:52, 1.620000e-07

15:16:53, 1.590000e-07

15:16:54, 1.550000e-07

15:16:55, 1.720000e-07

15:16:56, 1.680000e-07

15:16:57, 1.650000e-07

15:16:58, 1.840000e-07

15:16:59, 1.480000e-07

15:17:00, 1.420000e-07

15:17:02, 1.590000e-07

15:17:03, 1.530000e-07

15:17:04, 1.460000e-07

15:17:05, 1.620000e-07

15:17:06, 1.580000e-07

15:17:07, 1.540000e-07

15:17:08, 1.500000e-07

15:17:09, 1.340000e-07

15:17:10, 1.300000e-07

15:17:11, 1.250000e-07

15:17:12, 1.190000e-07

15:17:13, 1.330000e-07

15:17:14, 1.240000e-07

15:17:15, 1.180000e-07

15:17:16, 1.310000e-07

15:17:17, 1.260000e-07

15:17:18, 1.370000e-07

15:17:20, 1.320000e-07

15:17:21, 1.280000e-07

15:17:22, 1.240000e-07

15:17:23, 1.410000e-07

15:17:24, 1.370000e-07

15:17:25, 1.320000e-07

15:17:26, 1.480000e-07

15:17:27, 1.440000e-07

15:17:28, 1.400000e-07

15:17:29, 1.370000e-07

15:17:30, 1.540000e-07

15:17:31, 1.510000e-07

15:17:32, 1.470000e-07

15:17:33, 1.440000e-07

15:17:34, 1.600000e-07

15:17:35, 1.550000e-07

15:17:36, 1.510000e-07

15:17:37, 1.330000e-07

15:17:38, 1.280000e-07

15:17:39, 1.230000e-07

15:17:40, 1.390000e-07

15:17:42, 1.320000e-07

15:17:43, 1.270000e-07

15:17:44, 1.440000e-07

15:17:45, 1.380000e-07

15:17:46, 1.340000e-07

15:17:47, 1.840000e-07

15:17:48, 1.490000e-07

15:17:49, 1.460000e-07

15:17:50, 1.430000e-07

15:17:51, 1.600000e-07

15:17:52, 1.580000e-07

15:17:53, 1.550000e-07

15:17:54, 1.510000e-07

15:17:55, 1.660000e-07

15:17:56, 1.620000e-07

15:17:57, 1.590000e-07

15:17:58, 1.770000e-07

15:17:59, 1.750000e-07

15:18:00, 1.390000e-07

15:18:01, 1.370000e-07

15:18:02, 1.560000e-07

15:18:03, 1.530000e-07

15:18:05, 1.650000e-07

15:18:06, 1.600000e-07

15:18:07, 1.580000e-07

15:18:08, 1.760000e-07

15:18:09, 1.730000e-07

15:18:10, 1.710000e-07

15:18:11, 1.690000e-07

15:18:12, 1.550000e-07

15:18:13, 1.530000e-07

15:18:14, 1.500000e-07

15:18:15, 1.680000e-07

15:18:16, 1.650000e-07

15:18:17, 1.630000e-07

15:18:18, 1.830000e-07

15:18:19, 1.820000e-07

15:18:20, 1.480000e-07

15:18:21, 1.650000e-07

15:18:23, 1.630000e-07

15:18:24, 1.590000e-07

15:18:25, 1.770000e-07

15:18:26, 1.740000e-07

15:18:27, 1.720000e-07

15:18:28, 1.920000e-07

15:18:29, 1.580000e-07

15:18:30, 1.570000e-07

15:18:31, 1.570000e-07

15:18:32, 1.760000e-07

15:18:33, 1.750000e-07

15:18:34, 1.730000e-07

15:18:35, 1.920000e-07

15:18:36, 1.580000e-07

15:18:37, 1.560000e-07

15:18:38, 1.550000e-07

15:18:40, 1.730000e-07

15:18:41, 1.730000e-07

15:18:42, 1.710000e-07

15:18:43, 1.580000e-07

15:18:44, 1.550000e-07

15:18:45, 1.510000e-07

15:18:46, 1.690000e-07

15:18:47, 1.660000e-07

15:18:48, 1.620000e-07

15:18:49, 1.580000e-07

15:18:50, 1.760000e-07

15:18:51, 1.710000e-07

15:18:52, 1.690000e-07

15:18:53, 1.650000e-07

15:18:54, 1.830000e-07

15:18:55, 1.460000e-07

15:18:56, 1.440000e-07

15:18:57, 1.620000e-07

15:18:58, 1.600000e-07

15:19:00, 1.570000e-07

15:19:01, 1.750000e-07

15:19:02, 1.730000e-07

15:19:03, 1.390000e-07

15:19:04, 1.370000e-07

15:19:05, 1.560000e-07

15:19:06, 1.550000e-07

15:19:07, 1.540000e-07

15:19:08, 1.530000e-07

15:19:09, 1.720000e-07

15:19:10, 1.380000e-07

15:19:11, 1.350000e-07

15:19:12, 1.550000e-07

15:19:13, 1.520000e-07

15:19:14, 1.490000e-07

15:19:15, 1.460000e-07

15:19:16, 1.640000e-07

15:19:17, 1.610000e-07

15:19:18, 1.270000e-07

15:19:19, 1.440000e-07

15:19:20, 1.430000e-07

15:19:21, 1.410000e-07

15:19:22, 1.570000e-07

15:19:24, 1.540000e-07

15:19:25, 1.500000e-07

15:19:26, 1.360000e-07

15:19:27, 1.340000e-07

15:19:28, 1.320000e-07

15:19:29, 1.640000e-07

15:19:30, 1.620000e-07

15:19:31, 1.490000e-07

15:19:32, 1.480000e-07

15:19:33, 1.460000e-07

15:19:34, 1.450000e-07

15:19:35, 1.630000e-07

15:19:36, 1.600000e-07

15:19:37, 1.590000e-07

15:19:38, 1.460000e-07

15:19:39, 1.450000e-07

15:19:40, 1.430000e-07

15:19:41, 1.630000e-07

15:19:43, 1.620000e-07

15:19:44, 1.300000e-07

15:19:45, 1.280000e-07

15:19:46, 1.470000e-07

15:19:47, 1.470000e-07

15:19:48, 1.450000e-07

15:19:49, 1.430000e-07

15:19:50, 1.630000e-07

15:19:51, 1.290000e-07

15:19:52, 1.270000e-07

15:19:53, 1.580000e-07

15:19:54, 1.760000e-07

15:19:55, 1.730000e-07

15:19:56, 1.700000e-07

15:19:57, 1.350000e-07

15:19:58, 1.540000e-07

15:19:59, 1.520000e-07

15:20:00, 1.500000e-07

15:20:01, 1.470000e-07

15:20:02, 1.660000e-07

15:20:03, 1.630000e-07

15:20:04, 1.610000e-07

15:20:05, 1.470000e-07

15:20:07, 1.450000e-07

15:20:08, 1.430000e-07

15:20:09, 1.630000e-07

15:20:10, 1.610000e-07

15:20:11, 1.600000e-07

15:20:12, 1.580000e-07

15:20:13, 1.460000e-07

15:20:14, 1.440000e-07

15:20:15, 1.420000e-07

15:20:16, 1.620000e-07

15:20:17, 1.610000e-07

15:20:18, 1.610000e-07

15:20:19, 1.270000e-07

15:20:20, 1.480000e-07

15:20:21, 1.480000e-07

15:20:22, 1.480000e-07

15:20:23, 1.480000e-07

15:20:24, 1.680000e-07

15:20:25, 1.340000e-07

15:20:26, 1.330000e-07

15:20:28, 1.520000e-07

15:20:29, 1.510000e-07

15:20:30, 1.470000e-07

15:20:31, 1.430000e-07

15:20:32, 1.620000e-07

15:20:33, 1.590000e-07

15:20:34, 1.220000e-07

15:20:35, 1.180000e-07

15:20:36, 1.340000e-07

15:20:37, 1.300000e-07

15:20:38, 1.250000e-07

15:20:39, 1.220000e-07

15:20:40, 1.390000e-07

15:20:41, 1.340000e-07

15:20:42, 1.610000e-07

15:20:43, 1.560000e-07

15:20:45, 1.660000e-07

15:20:46, 1.610000e-07

15:20:47, 1.570000e-07

15:20:48, 1.410000e-07

15:20:49, 1.360000e-07

15:20:50, 1.320000e-07

15:20:51, 1.290000e-07

15:20:52, 1.270000e-07

15:20:53, 1.450000e-07

15:20:54, 1.410000e-07

15:20:55, 1.390000e-07

15:20:56, 1.360000e-07

15:20:57, 1.550000e-07

15:20:58, 1.540000e-07

15:20:59, 1.190000e-07

15:21:00, 1.170000e-07

15:21:01, 1.150000e-07

15:21:02, 1.340000e-07

15:21:03, 1.330000e-07

15:21:04, 1.630000e-07

15:21:05, 1.290000e-07

15:21:06, 1.470000e-07

15:21:07, 1.440000e-07

15:21:09, 1.430000e-07

15:21:10, 1.410000e-07

15:21:11, 1.610000e-07

15:21:12, 1.580000e-07

15:21:13, 1.250000e-07

15:21:14, 1.240000e-07

15:21:15, 1.440000e-07

15:21:16, 1.430000e-07

15:21:17, 1.410000e-07

15:24:19, 1.180000e-07

15:24:20, 1.370000e-07

15:24:21, 1.250000e-07

15:24:22, 1.500000e-07

15:24:23, 1.630000e-07

15:24:24, 1.560000e-07

15:24:25, 1.500000e-07

15:24:27, 1.560000e-07

15:24:28, 1.510000e-07

15:24:29, 1.460000e-07

15:24:30, 1.430000e-07

15:24:31, 1.390000e-07

15:24:32, 1.560000e-07

15:24:33, 1.520000e-07

15:24:34, 1.490000e-07

15:24:35, 1.450000e-07

15:24:36, 1.610000e-07

15:24:37, 1.250000e-07

15:24:38, 1.230000e-07

15:24:39, 1.200000e-07

15:24:40, 1.510000e-07

15:24:41, 1.710000e-07

15:24:42, 1.370000e-07

15:24:43, 1.360000e-07

15:24:44, 1.340000e-07

15:24:45, 1.500000e-07

15:24:47, 1.460000e-07

15:24:48, 1.430000e-07

15:24:49, 1.620000e-07

15:24:50, 1.600000e-07

15:24:51, 1.580000e-07

15:24:52, 1.570000e-07

15:24:53, 1.560000e-07

15:24:54, 1.770000e-07

15:24:55, 1.430000e-07

15:24:56, 1.420000e-07

15:24:57, 1.420000e-07

15:24:58, 1.620000e-07

15:24:59, 1.630000e-07

15:25:00, 1.630000e-07

15:25:01, 1.320000e-07

15:25:02, 1.550000e-07

15:25:03, 1.560000e-07

15:25:05, 1.580000e-07

15:25:06, 1.790000e-07

15:25:07, 1.460000e-07

15:25:08, 1.490000e-07

15:25:09, 1.520000e-07

15:25:10, 1.530000e-07

15:25:11, 1.770000e-07

15:25:12, 1.800000e-07

15:25:13, 1.510000e-07

15:25:14, 1.530000e-07

15:25:15, 1.570000e-07

15:25:16, 1.460000e-07

15:25:17, 1.420000e-07

15:25:18, 1.380000e-07

15:25:19, 1.560000e-07

15:25:20, 1.530000e-07

15:25:21, 1.500000e-07

15:25:22, 1.470000e-07

15:25:23, 1.650000e-07

15:25:24, 1.630000e-07

15:25:25, 1.610000e-07

15:25:26, 1.570000e-07

15:25:27, 1.420000e-07

15:25:28, 1.400000e-07

15:25:29, 1.370000e-07

15:25:30, 1.360000e-07

15:25:32, 1.560000e-07

15:25:33, 1.550000e-07

15:25:34, 1.540000e-07

15:25:35, 1.540000e-07

15:25:36, 1.510000e-07

15:25:37, 1.690000e-07

15:25:38, 1.350000e-07

15:25:39, 1.330000e-07

15:25:40, 1.330000e-07

15:25:41, 1.530000e-07

15:25:42, 1.520000e-07

15:25:43, 1.510000e-07

15:25:44, 1.500000e-07

15:25:45, 1.160000e-07

15:25:46, 1.340000e-07

15:25:47, 1.640000e-07

15:25:48, 1.640000e-07

15:25:49, 1.290000e-07

15:25:50, 1.500000e-07

15:25:52, 1.470000e-07

15:25:53, 1.460000e-07

15:25:54, 1.450000e-07

15:25:55, 1.330000e-07

15:25:56, 1.300000e-07

15:25:57, 1.270000e-07

15:25:58, 1.260000e-07

15:25:59, 1.770000e-07

15:26:00, 1.450000e-07

15:26:01, 1.450000e-07

15:26:02, 1.450000e-07

15:26:03, 1.440000e-07

15:26:04, 1.650000e-07

15:26:05, 1.320000e-07

15:26:06, 1.310000e-07

15:26:07, 1.290000e-07

15:26:08, 1.500000e-07

15:26:09, 1.490000e-07

15:26:10, 1.490000e-07

15:26:11, 1.500000e-07

15:26:12, 1.490000e-07

15:26:13, 1.690000e-07

15:26:15, 1.370000e-07

15:26:16, 1.360000e-07

15:26:17, 1.360000e-07

15:26:18, 1.560000e-07

15:26:19, 1.560000e-07

15:26:20, 1.550000e-07

15:26:21, 1.550000e-07

15:26:22, 1.550000e-07

15:26:23, 1.760000e-07

15:26:24, 1.440000e-07

15:26:25, 1.440000e-07

15:26:26, 1.430000e-07

15:26:27, 1.630000e-07

15:26:28, 1.630000e-07

15:26:29, 1.630000e-07

15:26:30, 1.530000e-07

15:26:31, 1.520000e-07

15:26:33, 1.540000e-07

15:26:34, 1.450000e-07

15:26:35, 1.450000e-07

15:26:36, 1.790000e-07

15:26:37, 1.470000e-07

15:26:38, 1.460000e-07

15:26:39, 1.680000e-07

15:26:40, 1.670000e-07

15:26:41, 1.680000e-07

15:26:42, 1.680000e-07

15:26:43, 1.580000e-07

15:26:44, 1.580000e-07

15:26:45, 1.570000e-07

15:26:46, 1.770000e-07

15:26:47, 1.780000e-07

15:26:48, 1.780000e-07

15:26:49, 1.800000e-07

15:26:50, 2.010000e-07

15:26:51, 1.670000e-07

15:26:52, 1.670000e-07

15:26:53, 1.890000e-07

15:26:54, 1.900000e-07

15:26:55, 1.600000e-07

15:26:56, 1.840000e-07

15:26:58, 1.860000e-07

15:26:59, 1.870000e-07

15:27:00, 1.540000e-07

15:27:01, 1.690000e-07

15:27:02, 1.650000e-07

15:27:03, 1.610000e-07

15:27:04, 1.570000e-07

15:27:05, 1.740000e-07

15:27:06, 1.690000e-07

15:27:07, 1.980000e-07

15:27:08, 1.610000e-07

15:27:09, 1.560000e-07

15:27:10, 1.720000e-07

15:27:11, 1.660000e-07

15:27:12, 1.620000e-07

15:27:13, 1.570000e-07

15:27:14, 1.530000e-07

15:27:16, 1.660000e-07

15:27:17, 1.620000e-07

15:27:18, 1.580000e-07

15:27:19, 1.540000e-07

15:27:20, 1.490000e-07

15:27:21, 1.650000e-07

15:27:22, 1.610000e-07

15:27:23, 1.570000e-07

15:27:24, 1.530000e-07

15:27:25, 1.500000e-07

15:27:26, 1.670000e-07

15:27:27, 1.640000e-07

15:27:28, 1.620000e-07

15:27:29, 1.570000e-07

15:27:30, 1.540000e-07

15:27:31, 1.710000e-07

15:27:32, 1.670000e-07

15:27:33, 1.630000e-07

15:27:34, 1.260000e-07

15:27:35, 1.230000e-07

15:27:36, 1.400000e-07

15:27:37, 1.370000e-07

15:27:38, 1.330000e-07

15:27:39, 1.480000e-07

15:27:41, 1.770000e-07

15:27:42, 1.410000e-07

15:27:43, 1.380000e-07

15:27:44, 1.350000e-07

15:27:45, 1.520000e-07

15:27:46, 1.490000e-07

15:27:47, 1.460000e-07

15:27:48, 1.420000e-07

15:27:49, 1.380000e-07

15:27:50, 1.550000e-07

15:27:51, 1.520000e-07

15:27:52, 1.490000e-07

15:27:53, 1.460000e-07

15:27:54, 1.440000e-07

15:27:55, 1.620000e-07

15:27:56, 1.600000e-07

15:27:57, 1.580000e-07

15:27:58, 1.220000e-07

15:27:59, 1.200000e-07

15:28:00, 1.390000e-07

15:28:01, 1.330000e-07

15:28:02, 1.310000e-07

15:28:04, 1.490000e-07

15:28:05, 1.460000e-07

15:28:06, 1.430000e-07

15:28:07, 1.410000e-07

15:28:08, 1.390000e-07

15:28:09, 1.570000e-07

15:28:10, 1.540000e-07

15:28:11, 1.520000e-07

15:28:12, 1.490000e-07

15:28:13, 1.350000e-07

15:28:14, 1.330000e-07

15:28:15, 1.310000e-07

15:28:16, 1.290000e-07

15:28:17, 1.480000e-07

15:28:18, 1.450000e-07

15:28:19, 1.440000e-07

15:28:20, 1.410000e-07

15:28:21, 1.390000e-07

15:28:22, 1.570000e-07

15:28:23, 1.540000e-07

15:28:24, 1.510000e-07

15:28:26, 1.660000e-07

15:28:27, 1.310000e-07

15:28:28, 1.280000e-07

15:28:29, 1.280000e-07

15:28:30, 1.450000e-07

15:28:31, 1.410000e-07

15:28:32, 1.370000e-07

15:28:33, 1.550000e-07

15:28:34, 1.520000e-07

15:28:35, 1.490000e-07

15:28:36, 1.470000e-07

15:28:37, 1.450000e-07

15:28:38, 1.640000e-07

15:28:39, 1.610000e-07

15:28:40, 1.260000e-07

15:28:41, 1.230000e-07

15:28:42, 1.380000e-07

15:28:44, 1.360000e-07

15:28:45, 1.350000e-07

15:28:46, 1.530000e-07

15:28:47, 1.510000e-07

15:28:48, 1.170000e-07

15:28:49, 1.140000e-07

15:28:50, 1.120000e-07

15:28:51, 1.290000e-07

15:28:52, 1.240000e-07

15:28:53, 1.200000e-07

15:28:54, 1.370000e-07

15:28:55, 1.350000e-07

15:28:56, 1.000000e-07

15:28:57, 9.800000e-08

15:28:58, 9.600000e-08

15:28:59, 1.270000e-07

15:29:00, 1.130000e-07

15:29:01, 1.080000e-07

15:29:03, 1.200000e-07

15:29:04, 1.150000e-07

15:29:05, 1.110000e-07

15:29:06, 1.070000e-07

15:29:07, 1.030000e-07

15:29:08, 9.700000e-08

15:29:09, 1.140000e-07

15:29:10, 1.090000e-07

15:29:11, 1.360000e-07

15:29:12, 9.800000e-08

15:29:13, 1.150000e-07

15:29:14, 1.110000e-07

15:29:15, 1.080000e-07

15:29:16, 1.050000e-07

15:29:17, 1.020000e-07

15:29:18, 1.200000e-07

15:29:19, 1.170000e-07

15:29:20, 1.130000e-07

15:29:21, 1.240000e-07

15:29:23, 1.190000e-07

15:29:24, 1.140000e-07

15:29:25, 1.080000e-07

15:29:26, 1.220000e-07

15:29:27, 1.160000e-07

15:29:28, 1.090000e-07

15:29:29, 1.000000e-07

15:29:30, 9.000000e-08

15:29:31, 9.900000e-08

15:29:32, 8.700000e-08

15:29:33, 1.070000e-07

15:29:34, 9.300000e-08

15:29:35, 1.010000e-07

15:29:36, 1.180000e-07

15:29:37, 1.050000e-07

15:29:38, 9.200000e-08

15:29:39, 1.180000e-07

15:29:40, 1.310000e-07

15:29:41, 1.230000e-07

15:29:42, 1.140000e-07

15:29:43, 1.080000e-07

15:29:45, 1.170000e-07

15:29:46, 1.110000e-07

15:29:47, 1.050000e-07

15:29:48, 1.000000e-07

15:29:49, 1.150000e-07

15:29:50, 1.090000e-07

15:29:51, 1.050000e-07

15:29:52, 1.010000e-07

15:29:53, 1.190000e-07

15:29:54, 1.160000e-07

15:29:55, 1.140000e-07

15:29:56, 1.100000e-07

15:29:57, 1.050000e-07

15:29:58, 1.200000e-07

15:29:59, 1.140000e-07

15:30:00, 1.060000e-07

15:30:01, 9.600000e-08

15:30:02, 1.080000e-07

15:30:03, 1.310000e-07

15:30:04, 1.240000e-07

15:30:05, 1.160000e-07

15:30:06, 1.240000e-07

15:30:08, 1.180000e-07

15:30:09, 1.110000e-07

15:30:10, 1.040000e-07

15:30:11, 9.600000e-08

15:30:12, 1.090000e-07

15:30:13, 1.030000e-07

15:30:14, 9.700000e-08

15:30:15, 9.200000e-08

15:30:16, 8.700000e-08

15:30:17, 8.200000e-08

15:30:18, 9.800000e-08

15:30:19, 9.400000e-08

15:30:20, 8.700000e-08

15:30:21, 8.100000e-08

15:30:22, 7.400000e-08

15:30:23, 9.000000e-08

15:30:24, 8.500000e-08

15:30:25, 1.070000e-07

15:30:27, 1.020000e-07

15:30:28, 9.600000e-08

15:30:29, 9.000000e-08

15:30:30, 1.060000e-07

15:30:31, 1.000000e-07

15:30:32, 9.200000e-08

15:30:33, 8.700000e-08

15:30:34, 8.200000e-08

15:30:35, 7.600000e-08

15:30:36, 1.250000e-07

15:30:37, 8.900000e-08

15:30:38, 8.300000e-08

15:30:39, 8.000000e-08

15:30:40, 7.500000e-08

15:30:41, 7.100000e-08

15:30:42, 8.600000e-08

15:30:43, 8.300000e-08

15:30:44, 7.600000e-08

15:30:45, 7.500000e-08

15:30:47, 1.040000e-07

15:30:48, 1.230000e-07

15:30:49, 8.600000e-08

15:30:50, 8.400000e-08

15:30:51, 8.100000e-08

15:30:52, 7.800000e-08

15:30:53, 9.600000e-08

15:30:54, 9.400000e-08

15:30:55, 9.300000e-08

15:30:56, 9.200000e-08

15:30:57, 9.100000e-08

15:30:58, 8.900000e-08

15:30:59, 8.800000e-08

15:31:00, 1.070000e-07

15:31:01, 1.040000e-07

15:31:02, 1.010000e-07

15:31:03, 1.150000e-07

15:31:04, 1.110000e-07

15:31:06, 1.090000e-07

15:31:07, 7.300000e-08

15:31:08, 6.900000e-08

15:31:09, 6.600000e-08

15:31:10, 9.500000e-08

15:31:11, 1.120000e-07

15:31:12, 1.080000e-07

15:31:13, 1.040000e-07

15:31:14, 1.020000e-07

15:31:15, 1.000000e-07

15:31:16, 6.500000e-08

15:31:17, 8.200000e-08

15:31:18, 7.900000e-08

15:31:19, 7.700000e-08

15:31:20, 7.300000e-08

15:31:21, 1.020000e-07

15:31:22, 9.800000e-08

15:31:23, 1.150000e-07

15:31:24, 1.130000e-07

15:31:25, 1.110000e-07

15:31:26, 7.600000e-08

15:31:28, 6.900000e-08

15:31:29, 6.400000e-08

15:31:30, 8.100000e-08

15:31:31, 7.400000e-08

15:31:32, 7.000000e-08

15:31:33, 6.600000e-08

15:31:34, 9.400000e-08

15:31:35, 9.300000e-08

15:31:36, 9.100000e-08

15:31:37, 1.100000e-07

15:31:38, 7.700000e-08

15:31:39, 7.600000e-08

15:31:40, 7.600000e-08

15:31:41, 7.500000e-08

15:31:42, 7.300000e-08

15:31:43, 9.300000e-08

15:31:44, 9.300000e-08

15:31:45, 9.300000e-08

15:31:46, 9.200000e-08

15:31:47, 9.300000e-08

15:31:48, 6.000000e-08

15:31:50, 8.100000e-08

15:31:51, 8.100000e-08

15:31:52, 8.000000e-08

15:31:53, 8.000000e-08

15:31:54, 8.000000e-08

15:31:55, 4.900000e-08

15:31:56, 7.000000e-08

15:31:57, 1.040000e-07

15:31:58, 7.300000e-08

15:31:59, 7.400000e-08

15:32:00, 7.600000e-08

15:32:01, 7.600000e-08

15:32:02, 7.400000e-08

15:32:03, 9.500000e-08

15:32:04, 9.300000e-08

15:32:05, 6.200000e-08

15:32:06, 6.100000e-08

15:32:07, 6.200000e-08

15:32:08, 8.400000e-08

15:32:10, 8.400000e-08

15:32:11, 8.500000e-08

15:32:12, 8.400000e-08

15:32:13, 8.300000e-08

15:32:14, 8.300000e-08

15:32:15, 7.300000e-08

15:32:16, 7.400000e-08

15:32:17, 7.600000e-08

15:32:18, 7.800000e-08

15:32:19, 7.900000e-08